"","DS_P12A_1","DS_P12B_1","DS_P12C_1"
"1","jardines","supervisor","mantenimiento"
"2",NA,NA,NA
"3","paramedico","cuidados y atencion integral de pacientes","atencion de pacientes"
"4","aseo","aseo","asesora de hogar"
"5",NA,NA,NA
"6",NA,NA,NA
"7","artezano","artesano en maderas","artesani≠a"
"8",NA,NA,NA
"9","temporera","temporera","viÒas"
"10","maestro carpintero","maestro carpintero","constructora"
"11","asesora del hogar","asesora del hogar","casa particular"
"12","transportistas","transportistas","transporte"
"13","auxiliar de easeo","auxiliar de aseo","colegio"
"14","vendedor en tienda de calzado","vender calzados","fabrica y venta de calzados"
"15","baby sister","cuidado de niÒos",NA
"16","manipuladora de alimentos","manipuladora de alimentos","hogar de niÒos"
"17",NA,NA,NA
"18",NA,NA,NA
"19","tecnico parvularia","cuidar de niÒos","cuidar y educar niÒo menores de 6 aÒos"
"20",NA,NA,NA
"21","logistica",NA,NA
"22","empresario","empresario","dueÒo"
"23",NA,NA,NA
"24",NA,NA,NA
"25",NA,NA,NA
"26","supervisas bodega mantencion","supervisora bodega mantencion logistica","transferencia de carga"
"27","taxista","taxista","taxista"
"28","contruccion","contratista",NA
"29","contruccion","obrero","contratista empresa"
"30","contruccion","contruccion",NA
"31","analista de control de calidad",NA,NA
"32","guardia",NA,NA
"33",NA,NA,NA
"34","comerciante",NA,NA
"35","auxiliar de aseo",NA,NA
"36","conserje",NA,NA
"37","colero en feria libre","vender cachureos",NA
"38","ingeniero en prevencion","constructora","constructora"
"39","kinesiologo","area respiratoria","salud"
"40","asesora de hogar","aseo",NA
"41","maquinista","maquinista",NA
"42",NA,NA,NA
"43",NA,NA,NA
"44",NA,NA,NA
"45",NA,NA,NA
"46",NA,NA,NA
"47",NA,NA,NA
"48","venta de ropa en a feria libres","vender","venta ropa usada en feria libres"
"49",NA,NA,NA
"50",NA,NA,NA
"51",NA,NA,NA
"52","tenia una lavanderia",NA,NA
"53","educadora de parvulos","ver niÒos","ver niÒos y niÒas, organizar el dia"
"54","cheff",NA,NA
"55",NA,NA,NA
"56","jornaleros","construccion","construccion jornaler o"
"57",NA,NA,NA
"58","agricultura",NA,NA
"59",NA,NA,NA
"60","tempoorera","cosechaba porotoa","coschar"
"61",NA,NA,NA
"62","administrativo","administrativo","colectivos"
"63","tapicero","tapicero","tapiceri≠a"
"64","garzona","garzona","restorant"
"65","vemtas","ventas","vemtas"
"66","supervicion y otros",NA,"personal bien vestido, tener llaves de lockers, administrar bodegas, creaciones de piochas"
"67","comerciante de confecciones","comerciante","confeccion de ropa"
"68","empresario","empresario",NA
"69","tapicero","tapicero","tapiceri≠a"
"70","aseo",NA,NA
"71","supervisora","supervisar cajas en supermercados","supermercados"
"72","temporera","recoger fruta","agricola"
"73","emabalar, selecionar fruta","barrer, limpiar implementacion de trabajo","cosecha y exportacion"
"74",NA,NA,NA
"75","kiosko","vende dulces",NA
"76",NA,NA,NA
"77","cosechaba","seleccionar fruta","exportacion"
"78",NA,NA,NA
"79",NA,NA,NA
"80","contador",NA,NA
"81","hace masajes","hacer masajes","centro de estetica"
"82","vendo mermeladas caseras en la feria","preparo y vendo las mermeladas","venta de mermelada"
"83","cocinas","vendee",NA
"84","secretaria","actividades administrativas","consultora arquitectura"
"85","cosechar fruta","cosechar, distribucion, exportacion","exportacion de fruta"
"86",NA,NA,NA
"87","costura","costuras","costuras"
"88","confeccion","confeccionar ropa","confeccionar rops"
"89","costura","costura","fabrica de costura"
"90","matrona","matrona","cli≠nica"
"91","contador auditor","contador auditor","informatica"
"92","contabilidad","contabilidad","banco"
"93","empaque","empaque","tienda a paris"
"94",NA,NA,NA
"95","cajera en supermercado","cajera","supermercado"
"96","tecnico de laboratorio","recibir muestras","salud"
"97","secretaria textil","revisar importaciones","textil"
"98","ayudante de cocina","preparar alimentos","cocina"
"99","asesora del hogar","labores de casa","aseo"
"100","empaque","empacar productos","supernercado"
"101","estudia tecnico superior en la union","estudia edc.parvularia","estudia"
"102","control de gestion","control de gestion","medio ambiente"
"103","kinesiologo","rehabilitacion de mi∫sculos","salud"
"104",NA,NA,NA
"105","analista medico","cargar programa isapre","salud"
"106",NA,NA,NA
"107","administrativa hospital","estadi≠stica de hospitalizacion","salud"
"108","secretaria",NA,NA
"109","aseo","aseo","oficina de contabilidad"
"110","encargada de seccion","encargada de seccion","exportadora de frutos secos"
"111","cuidado de su hijo enfermo tiempo completo","dueÒa de casa","actualmente no trabaja"
"112","operador","operador","fabrica de plasticos"
"113","comerciante","comerciante","comercio"
"114","comerciante","vender","suplementero"
"115",NA,NA,NA
"116","reponedor","reponer","abc din vende electrodomesticos"
"117","electronica","reparacion de equipos electronicos",NA
"118","paramedico","ayudar a los enfermos","salud"
"119","albaÒil","hacer hormigon ceramica","empresa constructora vivirndas"
"120","asesora del hogar","limpieza","hogar particular"
"121","asistente social","trabajo comunitario","niÒos vulnerables"
"122","seguridad","seguridad en tiemda","seguridad"
"123","auxiliar de aseo","aseo","colegio"
"124","auxiliar de aseo","limpiar pisos, ordenar, etc, barrer","vende productos, supermercados"
"125","comercio","comercio de ropa","comercio ropa"
"126","cuidado de niÒos",NA,NA
"127","duoervisar caja7","superviviom","ver caja"
"128","mecanico","reparaciones de feenos","taller mecanicos"
"129","cuidar una persona dd la tercera edad","cuidado adulto mayor","casa particular"
"130","jefa tienda","administraxcion de tienda","comercio"
"131",NA,NA,NA
"132","guardia de seguridad","seguridad","banco"
"133","asesora","aseo de casas","casa particular"
"134","auditoria",NA,NA
"135","garzona","atencion de publico","hosteria"
"136","aseo","limpiar","restaurante"
"137","cajera","cajera","panaderi≠a"
"138","asesora del hogar","labores domesticas","casa particular"
"139","obras civiles","contraccion","mineri≠a"
"140",NA,NA,NA
"141","repsracion de bicicletas","reparar bicicletas","taller de reparscion"
"142",NA,NA,NA
"143","vendedor libreri≠a","atender clientes de libreri≠a","comercio"
"144","ayudante sastreri≠a","coser atender","hacer ropa"
"145",NA,NA,NA
"146","motocierrista","cortar arboles","exportaciones de madera"
"147","educadora de parvulo","educacion","volegio el regugio"
"148","ferroviario","maquinista","ferrocarril"
"149","construir casa","jefe de obra","construir casas"
"150","reposteria","fabricar y elaborar pasteles y tortas","pasteleria"
"151",NA,NA,NA
"152","supervisor de control mari≠timo",NA,NA
"153","obrero construccion","carpintero y ceramico","construccion"
"154","cuidados adultos mayores","cuidar al adulto","casa particular"
"155","asesora del hogar","asesora el hogar","casas"
"156","foneoaudiologa","evaluar y diagnosticar a niÒos","colegio especial de lenguaje de prebasica"
"157","operaria fabrica de carton","ardenar  y hacer tipos de diseÒos","manufucturera"
"158","agencia de habitacional","evaluar creditos hipotecarios","prestar servicios de creditos hipotecarios"
"159","supervision y contabilidad","llevar la contabilidad del producto","empresa productora de champinones"
"160","fonoudiologa","pacientes","atender pacientes"
"161","servicio de la mujer",NA,"scretaria"
"162","mayor domo","supervisar a la gente y las maquinas y recibir tecnicos y trabajos que de hacen","edificio"
"163","operario portuario","descargar container","puerto"
"164",NA,NA,NA
"165","obrero construccion","trabajar en obra construccion",NA
"166","guardia","cuidar en la cli≠nica","de seguridad"
"167","maestro albaÒil","obras gruesas","independiente"
"168","cuidadora estudiantes","vigilar estudiantes","educacion"
"169",NA,NA,NA
"170",NA,NA,NA
"171","comerciante","vender abarrotes","comercio"
"172","profesora","educar","colrgio"
"173",NA,NA,NA
"174","vendedora de libreri≠a","atender clientes","comercio"
"175","maestra de, cocina","cocinar","restaurant"
"176","auxiliar de aseo","aseo de oficina","servicio de aseo"
"177",NA,NA,NA
"178",NA,NA,NA
"179","soy jubilado antes era obrero en una empresa privada","acarrear material","comercial"
"180","ingeniero forestal","analista forestal","servicio forestal del estado"
"181",NA,NA,NA
"182","recolectar. basura","recoleccion",NA
"183",NA,NA,NA
"184",NA,NA,NA
"185",NA,NA,NA
"186",NA,NA,NA
"187","carabineros","resguardo orden pi∫blico","carabineros de chile"
"188","aseo","aseo copera",NA
"189","singerista","simgerista","costura"
"190","nana","cuidado de niÒos",NA
"191",NA,NA,NA
"192","gestion","administrativo","retail"
"193","jefe del depto de limpieza de la naza","jefe lavado vehiculos","naza"
"194",NA,NA,NA
"195","trabajadora social","atencion de casos en situacion de bulnerabilidad","colegio"
"196","comercio","minimarket","negocio"
"197",NA,NA,NA
"198","optica","tenia vidrio de lentes","hacia lentes"
"199","corte y confeccion","hacer ropa","vender y hacer ropa"
"200","transporte","transporte","transporte"
"201","tec de enfermedad","asistirs a paciene","salud"
"202","subrogante","atencion publico","fonasa"
"203","en el aria de la salud","en el aria de la salud","en el aria de la salud"
"204","vendedora textil mujer","venta de ropa",NA
"205","digitador","digital pedidos","enmieda"
"206","ceramista","ceramista","ceramica"
"207","cortador de vidrios","ajustar y cortar vidrios","vidrieri≠a"
"208","ventas","restaurat","subway"
"209","operario fabrica confeccion",NA,NA
"210",NA,NA,NA
"211","actualmente no esta trabajando","chofer con licencia profesional",NA
"212","jefa de renumeraciones","pago de sueldos","servicio de salud metropolitano norte"
"213","minero","mineri≠a",NA
"214",NA,NA,NA
"215","profesora","enseÒanza","profesora"
"216","paradocente","inspectora de patio","educacion"
"217","manicurista","arreglo uÒas","99"
"218","mecanico industrial","reparacion de moldes","fabrica de rubos"
"219","operaria de maquinaria","operaba una maquina que envasava","fabricacion de envases de pasta dental"
"220","conductor","transporte","vasos desechables"
"221",NA,NA,NA
"222",NA,NA,NA
"223","guardia maritimo","patron de embarcacion extraccion de peces",NA
"224","soldador","trabajar con fierros hace cerco","soldaduras"
"225","comerciante","vender verduras","comercio"
"226","aseo","aseo","empresa aseo"
"227","profesor basico","educar alumnos","educacion"
"228",NA,NA,NA
"229","administrativa","estadisticas","area salud"
"230","costurera","componer y hacer ropa","costuras"
"231","ventas","atencion a publico y ventas","retail"
"232","maestro de la construccion","hacer casas","constructora"
"233","chofer y reparto","manejar y repartir producto","lacteos"
"234","operaria","empaque","tabaco o cigarrillos"
"235",NA,NA,NA
"236","vende cosas o verduras","vender verduras",NA
"237","ventas","vendedor",NA
"238","agricultura","siembra cereales","trigo y avena"
"239","repartidor","repartir mercaderia","coca cola"
"240","ingeniero comercial",NA,NA
"241","cosecha frutas","solo. cosecha","empresa agro fruti≠cola"
"242","corredor de propiedades","vender y arrendar propiedades","propiedades"
"243",NA,NA,NA
"244","vendi≠a ensaladas","vender ensaladas",NA
"245","chofer","manejar camion recolector","aseo y ornato"
"246","independiente","independiente","almacen"
"247",NA,NA,NA
"248","auxiliar de aseo","aseo en edificios","aseo"
"249","auxsiliar","limpieza",NA
"250","jefe de produccion muebleri≠a","distribuiir de trabajo","fabricacion de muebles"
"251","asesora del hogar","preocupada de aseo",NA
"252","auxiliar de aseo","aseo en colegio","educacion"
"253","mantencion de maquinas","mantencion de maquinas",NA
"254","pamedico","atender pacientes","salud"
"255","reponedora de mercaderi≠a","ordenar mercaderi≠a","comercio"
"256","paramedico","cuidar pacientes uti","salud"
"257",NA,NA,NA
"258","maestro jornalero y carpintero","construccion pintura",NA
"259","tec electrico","instalacion de lineas electricas","electricidad"
"260",NA,NA,NA
"261","tecnico fundicion","elaborar metales","fundicion"
"262","supervisora","supervisora","laboratorio"
"263","cajera","atencion publico","bancaria"
"264","profesora","educar y enseÒar a niÒos","colegio"
"265","coordinadora","coordinador de logi≠stica","hacen tarjetas de identificacion"
"266","vendedor","vender lentes pp ara optica","iìptica"
"267","profesor","educar","educacion colegio"
"268","maestro cocina","organizacion de almuerzo","hoteles"
"269","cocina,colaciones","preparar comida","cocineria"
"270","hojalateri≠a","hojalateri≠a","trabajo de hojalateri≠a para todo tipo de pi∫blico"
"271","secretaria","recepcion de materiales","empresa de buses"
"272","prestar servicios de manipulacion de alimentos","preparacion de alimentos a niÒos","servicios de manipulacion a junaeb"
"273","tecnico cuidado de enfermos","cuidadora de enfermos","velar cuidado de enfermos"
"274",NA,NA,NA
"275","mucama","aseo habitaciones","complejonturistico"
"276","empleado administrativo","empleado administrativo","empleado administrativo"
"277","ayudante carpinerto","cobstruccion de casa","construccion de casa"
"278","cuidadora de ancianos","darle alimento medicina","local de comida"
"279","temporera","empaquetar papas","empresa agricola"
"280","garzona","atencion de publuco restaurant","reataurant"
"281","construccion de casas","construccion de viviendas","construccion"
"282","junior","para los mandados del bco","banco"
"283","cortador de carne","carnicero","carniceria"
"284","inspectora de cokegio","cuidado menores","escuela municipal"
"285",NA,NA,NA
"286","oficial 2do.","atencion publico","poder judicial"
"287","reponedor","reponer productos","supermercado"
"288","secretaria","secretaria","secretaria"
"289","viveros","en los vivero","en los viveros"
"290","dueÒa de un restaurante","administrativo  de su local ver la contabilidad  y atencion  a clientes","ventas de comida"
"291","trabajaba como obrero en la construccion","construccion","construccion"
"292","pasteleria","pasteleria","produccion"
"293","nana  y servicios  domestico","cuodar niÒos aseo y mantencion de esto","trabaja casa particular"
"294","asesora de hogar","cuidado adulto enferma y cosas del hogar","casa particular"
"295","independendiente mantencion","estar al tanto de cuidados y reparaciones",NA
"296","transportista","conductor","transporte"
"297","tecnico electrisista actualmente jubilado","reparacion e instalacion electrica","reparacion e instalaciones  electricas"
"298",NA,NA,NA
"299","aseo y ornato","ornato y mantener limpio","aseo y ornato"
"300",NA,NA,NA
"301","trabajos administrativos","computacion","hospital, area salud"
"302","administrador","administrador","fundo"
"303","planes municipales del gobierno","taller del hospital",NA
"304","comerciante","dueÒa",NA
"305","conductor de ramplay operador de maquinaria","operador de maquinaria pesada","transporta contenedores"
"306","estetica","estetica","estetica"
"307","manipuladora de alimento","preparacion  de alimentos","internado mixto publico"
"308","mecanica","mecanica","mecanica"
"309","revisora de medicamentos","revisar medicamentos para ser envasados","laboratorio"
"310",NA,NA,NA
"311","manipuladora de alimentos","preparacion de alimentos","jardi≠n infantil"
"312",NA,NA,NA
"313","cuidar adultos mayores postrafos",NA,NA
"314","obrero en construccion de estructuras metalicas","soldar","presta servicio agricola"
"315",NA,NA,NA
"316","tecnico paramedico","atencion a pacientes","hospital clinico"
"317","secretaria de un colegio","atender apoderados","educacional"
"318","vendedores","vender","ventas"
"319","recursos humanos","manejar una plataforma documental","construccion"
"320","guardia","guardia cuidador colegio municipal","colegio"
"321","preparacion de alimentos","atencion de publico","carrito de alimentos"
"322",NA,NA,NA
"323","informatico",NA,"venta de mercaderia"
"324","aseo","limpiar hogares","casa particular"
"325","vendedora","vendedora","tienda de ropa"
"326","dueÒa y vendedora de almacen","vender en su almacen","almacen"
"327","dueÒa de almacen y botilleria","vender","almacen y botilleria"
"328","tipografo","tipografia de imprenta","imprenta"
"329","vendedora","vender","comercio"
"330","vendedora local de comida de un colegio","vendedora","local comida"
"331","costurera","coser diferentw tipos de arti≠culos de casa y prendas devestir","particular"
"332","operari≠a de bodega","pikin.","etiquetan productos despachos .pikin"
"333","agricola regador","regador de empresa agricola","empresa agricola exportadora de uva naranjas y mandarinas"
"334",NA,NA,NA
"335","tecnico en enfermeria","tecnico en fafmacia entregar remedios","hospital san pedro los vilos"
"336","asistente social","trabajadora social","municipalidad"
"337","tecnico en educacion parvularia","esucar","escuela de lenguaje"
"338","administrativa","administracion","mantencion industrial"
"339",NA,NA,NA
"340","panificador","dueÒo de panificador supervisar a sus empleados","hacer pan"
"341",NA,NA,NA
"342",NA,NA,NA
"343","residencial","agendes los huespedes","hostal"
"344","empresa",NA,NA
"345",NA,NA,NA
"346","administracion de colegio","revisar libros ver que estuviera todo para la alimentacion presentacion de los profesores","educacion"
"347","vendedora","vender","grandes tiendas"
"348",NA,NA,NA
"349","cuidando enfermo","cuidar enfermo","casa particular"
"350","cuidar a enfermos","acompaÒarlos, cuidarlos.","es una familia"
"351","mecanica",NA,"mecanica"
"352",NA,NA,"vendedor"
"353","temporera","empresa viÒera","cortaba las uvas"
"354",NA,NA,NA
"355",NA,NA,"administrativo"
"356",NA,NA,NA
"357",NA,NA,NA
"358","construccion","maestro albaÒil","constructora"
"359","cajera","cajera","panaderia"
"360","microempresarios","microempresarios","camiones"
"361","cuidar adultos mayores","cuidado adulto mayor","hogar de anciano"
"362",NA,NA,NA
"363",NA,NA,NA
"364",NA,NA,NA
"365","tesoreri≠a","tesoreri≠a","corredora de bilsa"
"366",NA,NA,NA
"367","maquinista aserradero","buscar palos en el monte","aserradero"
"368","cuida a sus nietos","cuida a sus nietos","casa particular"
"369","vendedor de un negocio familiar","vende mercaderia","negocio abarrotes"
"370","ventas","vender gas","negocios"
"371",NA,NA,NA
"372","ventas","vender abarrotes","almacenes"
"373","auxiliar de rampa","auxiliar de rampa","aeropuerto"
"374","pescador y buzo","pescador",NA
"375",NA,NA,NA
"376","tecnico ene nfermeria","tecnico en enfermeri≠a","hogar de ancianos"
"377",NA,NA,NA
"378","operaria","operaria","cocineria"
"379","pescador","pescador artesanal",NA
"380","empleada","asesora hogar","limpieza y aseo"
"381","panificador","panificador","panaderi≠a"
"382","aseo en colegio","hacer aseo","peluqueri≠a"
"383","asesora hogar","cocinar y limpiar","casa particular"
"384","independiente ,vende ropa y hace arreglos de costura","costura","coser ,arreglar ,vender ropa usada"
"385","agri≠cola","cortar uva ,cosechar uva , embalaje","exportaciones  de fruta"
"386","comida al paso","cocinera","comida"
"387","sacando papas","sacando papas","es particular dueÒo de campo"
"388",NA,NA,NA
"389","vendedora","ventas","locales comerciales"
"390","maestra de cocina","cocinar","restaurant"
"391","comerciante","peuquera","dueÒa de peluqueria"
"392","secretaria","atencion publico","municupalidad"
"393","contador",NA,NA
"394","temporera","packing,,cortar las hojas a frutilla","fundo fruticola"
"395","temporera","ayudante de cocina","empresa de alimentacion en un fundo"
"396","temporero","recolectar fruta","fundo"
"397",NA,NA,NA
"398","suplementera","atender kiosco","quisco diarios"
"399","reponedor","reponer meaeeria","supermercado"
"400","atiende negocio","atender a la gente y vender",NA
"401",NA,NA,NA
"402","cartero","entrega de correspondencia en hogares y oficinas",NA
"403","asesora de hogar","planchar , cocinar , hacer aseo , cuidados del hogar","casa particular"
"404","aseo","limpieza general en 8ficinas","construccion"
"405","pequeÒo agricultor","cria animales y hace huerta","act agricolas"
"406","ejecuraba y ordenaba pagos clientes al banco estafas trazferencias mal echas","banco",NA
"407",NA,NA,NA
"408","obrero agricola","limpieza de campo faenas agricolas","fundo agricola"
"409","encargado de dodegas","supervisaba","importadora.telas"
"410","dueÒa de almacen","vendedora y dueÒa almacen","almacen"
"411","pequeÒo sgricultos","crian animales , siembrab, entrega de leche","parcela agricola"
"412",NA,NA,NA
"413","cuida piscicultura","cuidar piscicultura","crianza de salmones"
"414",NA,NA,NA
"415","profesora enseÒanza basica","educar","escuela basica"
"416","maestro carpintero","hacer casas cass","construccion de vivienda"
"417",NA,NA,NA
"418","temporero","cosechaba ceresas","agrucila"
"419","maestro albaÒil","hacia casas","construccion"
"420","constructor civil","construccion","construccion"
"421","gaffer ( cineasta)","hago la luz en cine","ccomerciales publicidad"
"422","secretaria","atender telefono, administracion","consulte medica"
"423","transporte","varios","transporte"
"424","obrero","mesclas","contrucion"
"425","chofer de tractor","manejar","ezportadora de uvas"
"426","comerciante","venta de verduras","comercio"
"427","cuidadora de parcela","cuidadora de parcela","casa particular"
"428",NA,NA,NA
"429","trabajo agricola","cuida animales,hacer caminos","campo"
"430","estilista unisex","cortes, tinturas, cambios de tonos de cabello",NA
"431",NA,NA,NA
"432",NA,NA,NA
"433","vendiendo en feria libre","vendedora de ropa en feria libre","venta libre de ropa"
"434",NA,NA,NA
"435","hoteles","servir almuerzos","hoteles"
"436","operadora","mujti funcional","casi no de juegos de asar"
"437",NA,NA,NA
"438","cuidador parcela","cuidar cortar pasto","parcela de agrado"
"439","temporera","enbaladora","exportacion de fruts"
"440",NA,NA,NA
"441",NA,NA,NA
"442","estilista","estilista corte y tintura","estilista"
"443","secretaria oficina de abogados","secretaria","secretaria oficina de abogados"
"444","iÅrea de telecomunicaciones","trabajaba en carabineros de chile","charlas relascionadas a la prevencion"
"445","independiente","independiente","comercio"
"446","servicio de salud pi∫blica","tecnico en enfermeri≠a","atencion de pacientes"
"447","auxiliar aseo","aseo en hogar","asesora de hogar"
"448","vendedora","vencedora de ropa",NA
"449","auxiliar de servicio","mantener ordenado y limpio","jardi≠n infantil"
"450","operario","operaria","operaria"
"451","estudiante","estudiante obstetricia",NA
"452","contador general","contador general","contado general"
"453","tia jardin","tec en patvulo","jardkn knfantil"
"454",NA,NA,NA
"455","construcciones de vivienda","construccion de viviendas","construccion de viviendas"
"456","impectora general","corrdinar hirario","educacion"
"457","servicio de salud","servicio de salud","servicio de salud"
"458","repartidor","repurtifor de mercaderia","venta de zapatos"
"459","tripulante",NA,NA
"460","mecanica","arreglar uto","arreglo de auto"
"461","profesional asesor","gestion y control de personal","administracion de hospital enbsalud"
"462","nana","cuida niÒos","casa particular"
"463",NA,NA,NA
"464","cuidar niÒos","cuidar niÒos","casa particular"
"465","ooeraria de produciion","maquinaria","productos quimicos"
"466","pedagogi≠a diferencial","apoyar a niÒos con discapacidad","educacion"
"467","asesora de hogar","aseo y cuidado de niÒos","casa particular"
"468","mecanica","arregla maquinaria pesada","caminos alcantarilla. contrucion.aregla maquinaria"
"469","ayudante albaÒil","preparar mezcla","construccion"
"470","gastronomia","cocinar","cocinar"
"471",NA,NA,NA
"472","cocechaba arandanos","tomaba fruta","trabajos agricolas"
"473","chofer","manejar buses","transporte"
"474","arreglos electricos","arreglar cosas electricas",NA
"475","temporera","reolectar arandanos","fundo con arandanos"
"476","profesora","educar","colegio"
"477","vende","vender limones y despachos a supermercados","fabrica a de limones"
"478","asesora del hogar","aseo","casa paticular"
"479","peluqueria","peluquera","propia"
"480","asesora del hogar","aseo","casa particular"
"481","aseo y venta de cachureos","aseo","aseo independiente"
"482","comerciante establecido","vender en su negocio","negocio,almacen"
"483","manicurista y depilacion","hacer depilaciones o manicuras","servicios de belleza"
"484","aseo,planchado","planchas y aseo casa particular","casa particular"
"485",NA,NA,NA
"486",NA,NA,NA
"487","costrucion","construir casas","construccion"
"488","asistente de educacion","enseÒsr","colegio"
"489","ejecutivo ventas autos","vendedor",NA
"490",NA,NA,NA
"491",NA,NA,NA
"492","asesora de hogar","aseo",NA
"493","supervisor logi≠stica de mineri≠a","dirigir produccion de trabajo","mineri≠a"
"494","educadora de parvulos","realizar actividades pedagogicas","educacion"
"495","administracion","administrativa","publicado ca"
"496","administracion  de  lavanderi≠a","cobro de servicios","lavado de ropa"
"497","albaÒileria","nivelacion de pisos y reparacion de muros","construyen casa es constructora"
"498","asesora del hogar","aseo en hogar","servicios"
"499",NA,NA,NA
"500",NA,NA,NA
"501","agricultura","preparacion de tierra  para siembras","cereales"
"502","conductor","traslado de personas a trabajadores de la empresa","servicios publicos. es una empresa estatal en donde se trasladan a las personas de un lado a otro servisolial"
"503",NA,NA,NA
"504","asesora de hogar","lavar, planchar, cocinar","casa particular"
"505","enfierrador","contruccion","contruccion vivendaw"
"506","agro fruti≠cola","cosecha de frutas","ventas de frutas y cereales"
"507",NA,NA,NA
"508","prorfesir independiente","prifresor","prifesor"
"509",NA,NA,NA
"510","recepcionista","atender personas cuando llegan, tramites administrativos",NA
"511","encarpsdor e canciones","encarpsdor camiones","salmonera alimentos de exportacion"
"512",NA,NA,NA
"513","ejecutivo de ventas","venta de telefonia","venta telefonia movistar"
"514","comerciante","vender abarrotes","comercio"
"515",NA,NA,NA
"516",NA,NA,NA
"517","mecanica automotriz","reparacion de vehi≠culos","mecanica automotriz"
"518","maestro de cocina","preparar los productos para que los cocinen despues en la tarde","gastronomia, comida gourmet. para servir en el sitio"
"519",NA,NA,NA
"520",NA,NA,NA
"521","obrero de agro fruti≠cola","preparacion de suelo para siembras poda y plantacion  de arboles","agro fruti≠cola"
"522",NA,NA,NA
"523","obrero agri≠cola","siembra despaste poda","agropecuaria"
"524",NA,NA,NA
"525",NA,NA,NA
"526","atiendo una fruteria","reponer la fruta, y verduras  mantener limpio el lugar,llevar la mercaderi≠a a los clientes a los autos  y acompaÒar a la vega monumental al jefe para  cargar la mercaderia","vende frutas y verduras"
"527","ayudante carpintero","armar tableros y entregar materiales a los maestros","empresa de mpliacion de carreteras"
"528","secretaria","secretaria","secretaria"
"529",NA,NA,NA
"530","cuidado de enfermos adulto mayor","cuidar adulto mayor","casa particular"
"531","envasadora de uvas","envasar","packing de frutas"
"532","trabajador agricola","sembrar.. lecheri≠a","fundo agricola"
"533","trabaja como vendedor","es vendedor",NA
"534","vendedora almacen","vender","almacen"
"535","profesora","educacion","profesora de educacion basica y baile"
"536","redera","coser redes pesqueras","pesquera"
"537","peluqueri≠a","cortar el pelo",NA
"538",NA,NA,NA
"539",NA,NA,NA
"540","trabo de temporera",NA,NA
"541",NA,NA,NA
"542","obrero aserradero","aserrear maderas",NA
"543","jardinero","cortar pasto ,regar ,podar etc","cuidar de jardines"
"544","cuidadora de gente mayor y niÒos","cuidar","casas particular"
"545","asesora de hogar","quehaceres del hogar","casa particular"
"546","asesora de hogar","limpiar , planchar , cocinar ,","casa particular"
"547","cuidar niÒos","cuidar niÒos","en casa particular"
"548","agricultor  siembras  y  cosecha de trigo","cosechar , envasar , guardar trigo","venta cereales"
"549","asesiea higar","aseo","aseo xasa"
"550","dietetica","atender alimentacion de pacientes en clinica","alimentacion"
"551","empaque de frutas","seleccionar y empacar fruta","exporta fruta"
"552",NA,NA,NA
"553","ceramista","pegar ceramica","construye casas y departamentos"
"554",NA,NA,NA
"555","temporero","tomar fruta","fundo"
"556",NA,NA,NA
"557","inspector","inspeccionar lineas electricas","electricidad"
"558","asesora de hogar","lavar , planchar ,  cocinar","casa paticular"
"559",NA,NA,NA
"560","comerciante",NA,NA
"561",NA,NA,NA
"562","haciendo cajas decplumavit",NA,NA
"563","obrero","aparadora","venta de calzado"
"564","digitador","digitar","digitar"
"565","ayudante de albaÒil","reparar viviendas","construccion"
"566","manipulador alimentos","cocinar","educacion"
"567","chofer de micros","manejar chofer","chofer"
"568","agriculor","trabajar s tierra","siembra y trabajar la tierra"
"569","temporero","cosechar , podar, regar","exporta fruta"
"570",NA,NA,NA
"571",NA,NA,NA
"572",NA,NA,NA
"573",NA,NA,NA
"574","agricultor","sembrar la tierra","agricultura"
"575",NA,NA,NA
"576","cajera","cobrar en la caja","panaderi≠a"
"577","administrativo de oficina","trabajo administrativo","tienda"
"578",NA,NA,NA
"579","administracion","encargada de los transportistas en su carga","comercio"
"580",NA,NA,NA
"581",NA,NA,NA
"582","vigilar que no roben que no secuestren niÒos que no le robrn a locatarios","vigilar el correcto funcionamienti del persa, si se ponen a discutir aliviar la dituacion","venta de productos persa estacion"
"583","cual nstruccion","panguero","hacer mesclas"
"584","cuida niÒos",NA,NA
"585","lasesora hogar","asesora hogar","asesora hogar"
"586",NA,NA,NA
"587",NA,NA,NA
"588",NA,NA,NA
"589","asistente de educacion","recursos operativo","educar"
"590","mecanica","reparacion de maquinaria","mineri≠a"
"591","asesora del hogar","asesora hogsr","aseo"
"592",NA,NA,NA
"593","pescador","pescador","pescadores"
"594","vendedor vtr","ofrecer telecomunicaciones","telecomunicaciones"
"595",NA,NA,NA
"596",NA,NA,NA
"597","mineri≠a","manejar maquinaria pesada","mineri≠a"
"598","pescador","sacar mariscos","mariscos"
"599","auxiliar de aseo","aseo de oficina","mineri≠a"
"600","extraccion de mariscos","cocer  mariscos","sacar mariscos"
"601","cajera punto copec","cobrar a clientes","combustible"
"602","estoy trabajando","educadora","educadora. de ninos"
"603",NA,NA,NA
"604","pescador","sacar mariscos","mariscos"
"605","adnibutraxiin","cudar resinti de arriendi en inmibiliaria",NA
"606","tecnico en enfermeria","salud","area de salud"
"607","estilista","corte tintura  pelo","corte tintura de. cabello"
"608","panificador","hace pan","pan"
"609","aseo","prestar ayuda a la personas en el area de salud","sanar enfermedades"
"610","asistente administrativo general","control de compras atender de clientes","arriendo de maquinarias agricola"
"611","envasador de jugos","envasar jugos","exporta jugos"
"612",NA,NA,NA
"613","operaria de paking","digitadora de bodega de insumos","exportacion de frutas cerezas duraznos ciruelas peras quihuis"
"614","asesora hogar","limpieza de casa","casa particular"
"615","comercisnte","vender negocio","mafia nimsrket"
"616",NA,NA,NA
"617",NA,NA,NA
"618","comerciante","venta de fierro","local de fierros"
"619",NA,NA,NA
"620","secretaria abogado","papeles atencion pi∫blico","soluciones problema judicial"
"621","auxiliar de servicio","auxiliar de aseo","consultorio"
"622","administracion","administracion",NA
"623","auxiliar de aseo","aseo","colegio"
"624","comerciante","vendia dulces","comerciante"
"625",NA,NA,NA
"626","reponedora","reponer productos en las repisas o estantes","comercio en construccion y hogar"
"627","secretaria","secretaria","asesoria juridica"
"628","taxista","conductor",NA
"629",NA,NA,NA
"630","manipuladora de alimentos","preparar la alimentacion para las personas",NA
"631",NA,NA,NA
"632",NA,NA,NA
"633",NA,NA,NA
"634","servicio ge eral pintor del ejercito","una fui pintor todo lo que era pintura, y despues sub gerente de club de campo de sub oficiales","ejercitode chile empleado fiscal"
"635",NA,NA,NA
"636",NA,NA,NA
"637",NA,NA,NA
"638",NA,NA,NA
"639","vendedor","vendedor de computadoras",NA
"640","asesora de hogar","aseo y cuidar niÒos","casa particular"
"641",NA,NA,NA
"642",NA,NA,NA
"643",NA,NA,NA
"644","esporadica","radier de cemento","casas particulares"
"645","vendedor",NA,NA
"646",NA,NA,NA
"647","operador de gri∫a","operador de gri∫a","operador de gri∫a"
"648","operaria","operario","textil"
"649","encarga","encargada","encarga"
"650",NA,NA,NA
"651","mecanico","duelo de un taller mecanico","mecanica en general"
"652","operario minero","chofer camion gri∫a","mineri≠a"
"653","director de escuela","diriguir escuela y hacer clases","educacion"
"654","docente de aula","enseÒar, instruir, corregir, moldear","educar"
"655",NA,NA,NA
"656","esbio, contador","control de agua, contador","produccion de agua"
"657","maestro de cocina","preparar alimentos","restorant"
"658",NA,NA,NA
"659","temporera","recoleccion de frutas","fundo particular"
"660","panificador","hacer pan","panaderia"
"661",NA,NA,NA
"662","mantenimiento en consultorio","hacer aseo y reparar lo que fuere necesario","dar salud a los de la comunidad"
"663","peluqueri≠a,corte de cabello","trabajos de peluqueri≠a en general","atencion de pi∫blico.cortar cabello"
"664","prensista calificado","operario","facturera dd papel"
"665","temporera","cortar fruta","agricultura"
"666","maestro de la construccion","constructora de piscina","construccion"
"667","asesora del hogar","aseo cuidar enfermo","casa particular"
"668","operario","operador de maquinaria","importan boldo"
"669","transporte de pasajeros","chofer","chofer"
"670","copera","lavando copas","gastronomi≠a"
"671",NA,NA,NA
"672","atencion de publico","cobrar","estudio fotografico"
"673","servicio domestico","hacer aseo lavar planchar cuidar niÒos","casa particular"
"674","atender publico","vender carne","atender la carnuceria de unimarc"
"675","profesora de educacion especial","hacer clases","educacion prebasica"
"676","repinedor de supermercadi","reponer mer aderia","supermercado"
"677",NA,NA,NA
"678","vendedora en fabrica de helados","vendedora","fabrica de helados"
"679","enpleado publico","enplearo publico","supervisar sacar multas"
"680",NA,NA,NA
"681",NA,NA,NA
"682",NA,NA,NA
"683",NA,NA,NA
"684","pioneta","repartir alimentos","reparte alimentos a casino"
"685","cuidadora de adulto mayor","cuidar adultos mayores discapacitados","trabajaba en forma independiente"
"686",NA,NA,NA
"687","trabajar en agricultura","sacar papas y llenar sacos",NA
"688",NA,NA,NA
"689","temporera","cosechar","exportacion"
"690",NA,NA,NA
"691",NA,NA,NA
"692",NA,NA,NA
"693","tejedora","hilar la lana y hacer tejidos","vender tejidos de lana de oveja"
"694",NA,NA,NA
"695","vendedora","vender","vender reatail"
"696","venta de joyas","vender",NA
"697","maestro","obrero de la construccion","construccion de viviendas"
"698",NA,NA,NA
"699","vendedora","vendi≠a ropa",NA
"700","cuidador de casa particumiar","realizar lanorea de mantencion n casa",NA
"701","productora de eventos",NA,"eventos todo tipo matrimonio bautizo etcetera"
"702",NA,NA,NA
"703","conductor ambulancia","trasladi de paciento","esachs"
"704",NA,NA,NA
"705","naestro carpintero","rtar madera ckavar farrar fuera y detrode una casa","constructora inmobkliaris"
"706",NA,NA,NA
"707","aseo","aseo limpiar",NA
"708",NA,NA,NA
"709",NA,NA,NA
"710","administrativo","monitor de patrimonio","colegio"
"711","semillera de investigacion","investigar","investigacion de choclos"
"712","asesora de hogar","quehaceres del hogar","hogar particular"
"713","comerciante","vendo psn","cual merciante"
"714",NA,NA,NA
"715","agricultor","sembrar","campo"
"716",NA,NA,NA
"717","obrero forestal","obrero","empresa forestal"
"718",NA,NA,NA
"719",NA,NA,NA
"720","comerciante","venta comida","cual mercio"
"721","asesora del hogar","planchar ,lavar,limpiar la casa cocinar","casa particular"
"722","era cajera de un supermercado","cajera","supermercado"
"723","c8mervio","conercio","venta de mueble"
"724","inspectora","enxargada binliotecw","revisar entregsr libro"
"725","limpieza de tomates","limpieza de tomates de huertos","empresa agri≠cola"
"726",NA,NA,NA
"727","asesora","asesora","hogar"
"728","comerciante de abarrotes","venta de productos abarrotes","venta de productos para el hogar azi∫car te cafe etc"
"729","separador la basura del alimento","separador basura","frigoirifco"
"730",NA,NA,NA
"731","casa particular","asesora de hogar","casa particular"
"732","minero operador maquinarias","operador maquinas","minera"
"733",NA,NA,NA
"734","vendedora","vendia ropa de todo",NA
"735","trabaja independiente.vende productos en la calle.","vender artesani≠a en la calle","artesani≠a de ecuador.vende en las calles"
"736","transporte publico","transporte pi∫blico","transporte pi∫blico"
"737","asistente de director regiobal","secretaria tecnic","ministerio de obraas publicas"
"738",NA,NA,NA
"739","inspector   internado","cuidado de internos","preocupacion y cuidado de los alumnos"
"740",NA,NA,NA
"741","aseo","aseo","en diferentes partes"
"742",NA,NA,NA
"743","manipuladora de alimentos","cocinar","fabrica"
"744","estructura metalica","estructura metalica","estructura metalica"
"745","hace pedidos ,entregan los productos","vender productos de belleza","avon"
"746","aseo","botar la basura , limpiar","fabrica de tomates"
"747","aseo industrial","limpieza en el lider","servicios"
"748","auxiliar de aseo","limpiar","oferta medio ambiente"
"749","aeronautica monitor vuelos","monitor de vuelos","aeronautica monitor de vuelos"
"750","asistente de peluqueri≠a","lavavajillas el pelo limpiar ordenar","estetica"
"751",NA,NA,NA
"752","seleccionadora de frutas","seleccionar la fruta de exportacion","empresa envasadora de frutas"
"753",NA,NA,NA
"754","vendedora en heladeri≠a","atencion al pi∫blico y ventas","venta de helados"
"755","obrero","cargador","pesquera"
"756","vendedora en tienda","atender al pi∫blico, vender prendas de ropa y accesorios","venta de ropa en general"
"757","barrer, regar pasto,limpiar las plazas","limpiar plazas regar pastos","municipalidad de talca"
"758",NA,NA,NA
"759",NA,NA,NA
"760","camion de recoleccion de la basura","pioneta","recolecta vasuras"
"761","maestro de primera electrico","trabao de ekectricudad","reduccioc de contaminabtes  tratamientos vuore"
"762","control de proyectos","verificar compromisos para el cliente","medio ambiente"
"763",NA,NA,NA
"764","maestro calderero",NA,NA
"765",NA,NA,NA
"766","comerciante","atender almacen","comercio"
"767","contadora","contadora, iva, devoluciones etc.",NA
"768","proempleos","areas verdes pintura muro ceramica construccion pegar alfombras","programas de emergencia"
"769",NA,NA,NA
"770","cajera tur bus","vender pasajes de bus","transporte"
"771","medico",NA,"controles de salud, entre otros."
"772",NA,NA,NA
"773","asesora del hogar","limpieza","casa particular"
"774","garzon","atencion de pi∫blico","hoteleri≠a"
"775","publicidad","disrÒo",NA
"776",NA,NA,NA
"777","tractorista","pasa el tractor",NA
"778","inspector","ver el tema de orden","educacion, colegio"
"779",NA,NA,NA
"780",NA,NA,NA
"781","chofer","chofer","uber"
"782",NA,NA,NA
"783",NA,NA,NA
"784","soldador","soldador","construccion"
"785","aseadora","barrer, sacudir",NA
"786","asesora del hogar","asesora del hogar","casa particular"
"787","comerciante","comerciante","negocio"
"788","carpinteri≠a","reparacion muebles",NA
"789","comerciante","comerciante","negocio"
"790","costurera","confwccion de ropa","confeccionar ropa"
"791",NA,NA,NA
"792","supervisor de guardia de seguridad","vigilancia","seguridad"
"793","conductor del transantiago","conducir las microa de tranaantiaho","empresa transporte publico"
"794","obrero foresta","obrero forestal","motodierrista forestal"
"795",NA,NA,NA
"796","administracion","supervisar","administracion de propiedades"
"797","obrero agricola","podas","fundo particular"
"798","sgricultor","cosecha de papas","sembrar"
"799","asesora","aseo","casa particular"
"800","mantencion de cada y jardi≠n","limpieza de la casa y riego de jardi≠n","casa particular"
"801",NA,NA,NA
"802","hacer las cosas del hoagr","hacer las cosas del hogar hacer asea, plancha","casa particular"
"803","obrero agri≠cola","cuidar el campo","empresa agri≠cola"
"804","asesora hogar","aseo y limpiaza","casa particular"
"805","en el cambo, investigacion y desarrollo","investigacion y desarrollo  sobre cultivo. rendimiento de las cosechas","investigacion y desarrollo"
"806","jornal,seleccionador de madero","selecciona la madera por pulgada","banco aserradero ,para hacer casas prefabricada"
"807","asistente judicial","redaccion de documentos","bufete de abogados"
"808","asesora del hogar","cuidaba niÒos, aseo en el hogar","casa particular"
"809",NA,NA,NA
"810",NA,NA,NA
"811","ingeniero comercial","gerente de enpresa","asesorias en gestion"
"812","educadora de parvulo","cuidar niÒos","educar niÒos y valores cristiano"
"813","comedores de un colegio","servir colaciones","atencion de mesas"
"814","empleada","empleada","empleada"
"815","auxiliar de aseo","hacer aseo","escuela basica"
"816","educadora diferencial","educar","escuela"
"817","operador de maquinaria ,cargador frontal","maneja una maquina hidraulica ,carga trozo","empresa forestal"
"818","sereno guardia de seguridad","cuidar","empresa de seguridad"
"819","aseadora","limpiar","cacino pucon"
"820","asistente de aseo","limpiar jardin","jardin particular"
"821","chef","cicinar","restaurant"
"822","administativa","atender publico","colegio"
"823","asesora del hogar","todo lo q se hace en una casa","casa particular"
"824",NA,NA,NA
"825",NA,NA,NA
"826","gui≠a turtico","gui≠a turi≠stico","al turismo"
"827","crorredor de propiedades","corredor de propiedades","corretaje"
"828","vendedora","vender apublico en general","comerciantes"
"829",NA,NA,NA
"830","jefe de area","produccion de paÒos","telas"
"831","comerciante","vendo ropa interior","vendo ropainterior en la feria"
"832","transporte publico","conductor","empresa de transporte"
"833","operario","disttibuciln de personal","fabricacion de pizarreÒo"
"834","conductor y temporero","traslado de personal y recoleccion de frutas","furgon parti≠culas ,y fundo particular"
"835","vendedora","vendo  en una importadora","todo ll hago en mi trabajo, repongo, limpio y vendo al publico"
"836",NA,NA,NA
"837",NA,NA,NA
"838","control de calidad de laboratorio","control de terminacion de productos","obras viales"
"839","vendedora","atender pi∫blico, mantenerla ropa y el local ordenado","vender"
"840","conductor","transporte de personal","transporte de pasajeros"
"841",NA,NA,NA
"842","reponedora de supermercados","ordenar mercaderi≠a","supermercados"
"843","mecanico","arreglo vehiculos","privada"
"844","asistente de parvulos","estimulacion de niÒos","jardi≠n infantil"
"845",NA,NA,NA
"846","operaria de oeiducikn","suoervusar gente",NA
"847",NA,NA,NA
"848","nana","cinar lavar","casa particular"
"849","doctor","doctor","medicina"
"850","cajera de supermercado","atencion al cliente","venta"
"851","asesori≠a minero","asesoria","asesori≠a minera consultora"
"852","administrativa","atencion de publico","consultorio medico"
"853","comerciante","comercio",NA
"854","comerciante","vendedor","negocio"
"855","servivio","reparte boletas de agua","servicio"
"856","ingeniero comercial",NA,NA
"857","profesora","profesora","universidad"
"858","asistente social","educaxion","nilos vulnerables"
"859","enfermera","enfermera ocupacional para una empresa minera",NA
"860",NA,NA,NA
"861","docente","enseÒanza alumnos adultos","educacion"
"862","vendedor","atender las ventas de supermercado",NA
"863","aramador","caÒonera","producto de slimento"
"864","iÅrea tecnica","administracion",NA
"865",NA,NA,NA
"866",NA,NA,NA
"867","duena de negocio","duena de minimarket",NA
"868","empleado","administrativa","publica"
"869","vendedora","vender","tienda"
"870","minero","sacar carbon","minera"
"871","garzona","atemesas","restaurant"
"872","pescador","por scador","propia"
"873",NA,NA,NA
"874","asesora de hogar","nana","casa particular"
"875","agricultura","campo","fundo"
"876","construccion","constrccion","arreglos casa"
"877","empresaria de aridos","vender aridos","venta de aridos"
"878","cocinera de casino minero","prepara los alimentos",NA
"879",NA,NA,NA
"880","cuida niÒos","cuidar niÒos","casa particular"
"881","vendedor de verduras","vender y atender publico","supermercado eltit"
"882",NA,NA,NA
"883","atencion al cliente","atencion cliente","casino pucon"
"884","temporero","regaba arboles frutales",NA
"885","manipulacion de alimentos","cocinar","hospital pucon"
"886","administrar una clinica dental","dueÒa","clinica dental"
"887","asesora de hogar","hacia aseo",NA
"888","profesor de aula","enseÒar a los niÒos","servicios educativos"
"889","mantenimiento","tractorista,podador",NA
"890",NA,NA,NA
"891","conductor",NA,"repartir insumos"
"892","costurera , arreglo de ropa","arreglo de ropa","taller de costura"
"893","distribucion de gas","encargado de gas","trabajador de distribucion de gas"
"894","obrero agri≠cola","tractorista,riego",NA
"895","jardinero","arreglaba jardin en un colegio","colegio de curas"
"896","ingenieri≠a civil","directiva de la empresa","construccion de viviendas"
"897","auxiliar de aseo","hace aseo  en oficina","constructora"
"898","ingeniero informatico","gerente de proyecto",NA
"899",NA,NA,NA
"900",NA,NA,NA
"901","vendedor de pan","hacer pan  venderlo","fabricacion de pan"
"902","cuidado. niÒos","cudar niÒos","particular"
"903","auxiliar de casino","aseo","casinos"
"904",NA,NA,NA
"905","cajera",NA,NA
"906","auxiliar de aseo","limpiar, barrer","hospital, servicio de urgencias"
"907",NA,NA,"banco"
"908","periodista","hacer informes","salud"
"909","mantenedor","mantenimiento de maquinaria","fabricacion de maquinaria"
"910","costurera","hacer costuras","hacer cortinas , manteles"
"911","vendedora","vender a clientes y cobrar","pescaderi≠a"
"912","administrar restorante","administrar","alimentos"
"913","temporera","corta fruta,raleo, cosecha","fruta empresa"
"914","tecnico","atencion de publico",NA
"915","finanzas y operaciones",NA,NA
"916","temporero agricola","poda de planta","empresa agri≠cola"
"917","vende sushi","cocinar y salir a vender","vender sushi en forma independiente"
"918",NA,NA,NA
"919","bodeguero","bodeguero","empresa de etiquetas"
"920","temporero agricola","cosecha de fruta","huerto agri≠cola"
"921","vendedora","atencion de pi∫blico",NA
"922","comerciante de abarrotes","vendedora abarrotes",NA
"923","obrero agri≠cola en el campo","riego, siembra cosecha","huerto agri≠cola"
"924","dueÒo de local","venta repuesros","local bicicleta"
"925","ayudante contabilidad","administrativo","funeraria"
"926",NA,NA,NA
"927","garzona","garzona","restaurant"
"928","pasar pelota","pasar pelota","escuela de futboÒ"
"929","mineri≠a","operario maquinas","mineri≠a"
"930","comerciante","cual merciante","local cual mercial"
"931","conductor","conductor","empresa privado"
"932","dueÒa de negocio","atender clientes","almacen"
"933","costurera","arreglo de ropa","en casa"
"934","dueÒa de casa","quehasesres domestico s",NA
"935","asistente parvulo","asistente","colegio"
"936",NA,NA,NA
"937","electricista","intalacin de luz","costructoras"
"938","taxista","taxita","trasporte"
"939","administradora de hotel","ad inistracion","hotel"
"940","asesoras hogar","quehaceres","casa particular"
"941","chofer","chofer de taxi",NA
"942",NA,NA,NA
"943",NA,NA,NA
"944",NA,NA,NA
"945","asesora  hogar","quehaceres de hogar","lacado , planchado"
"946",NA,NA,NA
"947","csllcener","atencion de clientes","callcebter serivico"
"948","vendedor de helados","atender clientes","comercial"
"949","armaxon de marcos","atencin publivo","marqueria"
"950","pescador","pescador",NA
"951","asistente de educacion","cuidado  de noÒos  en recreo","colegio particular subvenvionado"
"952",NA,NA,NA
"953","arrienda piezas",NA,NA
"954","trabaja en una pasteleri≠a","hacer resposteria t atencion de pi∫blico","pasteleri≠a"
"955","jornal","construccion","se dedica a la construccion"
"956","administracion","asistente","escuela"
"957","ejecutiva bancaria","ejecutiva bancaria","ejecutiva bancaria"
"958",NA,NA,NA
"959","profesor","docencia","educar"
"960","contadora","registros de libros","caja,libro diario,libro mayor y balance"
"961","hostal","tender , aseo, limpiar","alojamiento  pasajeros"
"962","vededora","vender","oftamoogia"
"963","operaria","obrera","fca textil"
"964","arquitecto","inspeccion de obras","construccion"
"965","locutera","locutora","radio"
"966","contratista agricola","contratar personas para faenas agricolas","labores agricolas"
"967","ayudante de mecanica",NA,NA
"968","comercio independiente","comercio independiente","comerciante"
"969","funcionaria de hospital","atencion publico","hospital regional talca"
"970","comerciante verduras","feriantes fruta","comercio venta de frutas"
"971","sicologa","intervencion clinica","educacion"
"972","profesora","en colegio pi∫blico y privado","educacion"
"973","administracion","administrar un negocio de arriendo de equipos de oficinas","servicios logisticos"
"974","raleo cosecha en un fundo","raleo cosecha","empresa agri≠cola"
"975","vendi≠a colaciones a domicilio","cocinar y vender las colaciones","venta de colaciones"
"976",NA,NA,NA
"977","va planchar a domicilio","plancha","casa particular"
"978","enfermera","admisnacion",NA
"979","trabajo en un laboratorio","limpiar artefactos",NA
"980","bodega","trasporta en palet la metcaderia","supermercado"
"981","taxista","transporte de pasajeros","transporte"
"982","seleccionadora de fruta","seleccionar la fruta en conserva","empresa agri≠cola"
"983","odontologa","el cuidado de los dientes",NA
"984","exportadora de semillas","exportaba semillas","asistente de departamento comercio exterior"
"985","cajera","recibido pago","carniceria"
"986",NA,NA,NA
"987",NA,NA,NA
"988","garzona",NA,NA
"989","empleado","trabajador","privada"
"990","gestion de ptogectos",NA,NA
"991","cuidar y barrer parques y jardines","regar y barrer plazas","municipalidad"
"992","profesora","enseÒsr","colegio"
"993","conserge","conserge","oficina de seguridad"
"994","mecanico","mecanica genera","taller mecanico"
"995","singuerista","singuerista","consturas en la casa"
"996","vendedora","vendedora de seguros",NA
"997","operario de maquinaria","operario de maquinaria","ventanas aluminio"
"998","costurera","hacer arreglos a la ropa","confeccion"
"999","empleado","empleado","publicado ca"
"1000","encargada de postres en una pasteleria","hacer pasteles postres","supermercado"
"1001",NA,NA,NA
"1002","fuerza aerea",NA,NA
"1003","comerciante","vender abarrotes","comerciante"
"1004","cyidadora de niÒos","cuidar niÒos","independiente"
"1005","contador auditor","calcular impuesyos confeccionar balances","mineri≠a"
"1006","comerciantes","comerciante","dueÒa local comerciante"
"1007","bodeguero","entregar frutos","empresa de frutos secos"
"1008","jefe de proyectos","gestion","fines sociales"
"1009","publicidad ketrero mantencikn",NA,NA
"1010","bodeguero","entregar mercaderia","libreria"
"1011",NA,NA,NA
"1012","estructura metalicas","trabajar en la construccion","construccion"
"1013","temporero",NA,NA
"1014","vende","vendedora","feria libre"
"1015","carpinteria",NA,NA
"1016","agricultor","campo","parcels"
"1017","chofer","chofer","camiones"
"1018","ventas","ventas","comercio"
"1019","taller de confeccion","confeccuon en controk de calidad","tallet de vonfecciin"
"1020","tempore de fruta","cosechar frutas","fruticula"
"1021",NA,NA,NA
"1022","auxiliar de aseo","hacer aseo en hotel","mineri≠a"
"1023","cacuno","ayydante de vocina","sodexso"
"1024","agricultura","siembra casecha y crianza animales de corral","agricultura de subsistencia"
"1025","normalista","profesora normalista","escuela publica"
"1026","arquitecto",NA,NA
"1027","administrar mi empresa","administrar mi empresa","desarrollo de sistemas"
"1028","atiende negocio","organizo, vende en ferreteria","venta de fierros y toda indole de material"
"1029","cosecha para los patrones","cosecha y siembra","fundo de patrones"
"1030","asistente pi∫blico","asisti≠a al pi∫blico que llegaba a la oficina, orientacion","asistencia social"
"1031","ventas","venta ropa","venta ropa"
"1032","aseadora","limpiar, ordenar",NA
"1033","comerciante gastronomi≠a","administracion","gastronomi≠a"
"1034","despachador de camiones","verificar antecedentes del camion","aseo y transporte"
"1035",NA,NA,NA
"1036","operario lavanderi≠a","lavar y planchar","lavanderi≠a"
"1037","cocina","hamburguesas","restaurantes"
"1038","empleado de la hipica","mantencion","carreras de caballos"
"1039","supervisor mineri≠a","dirigir equipos de trabajo","mineri≠a"
"1040","duseÒadora",NA,NA
"1041",NA,NA,NA
"1042","ckases",NA,NA
"1043",NA,NA,NA
"1044",NA,NA,NA
"1045","taller de publicidad","administrar el taller y es  dueÒo","hacer y crear publicidad"
"1046","conserje","conserje de edificio","a conserje"
"1047","salud",NA,NA
"1048",NA,NA,NA
"1049",NA,NA,NA
"1050","supervisor transportes","despachador de carga","transporte"
"1051","asesora del hogar","labores domesticas","casa particular"
"1052",NA,NA,NA
"1053",NA,NA,NA
"1054",NA,NA,NA
"1055","comerciante",NA,NA
"1056",NA,NA,NA
"1057","dirigir personal",NA,NA
"1058",NA,NA,NA
"1059","operador geologi≠a","mantener maquinaria minera","geologi≠a"
"1060","ventas",NA,NA
"1061",NA,NA,NA
"1062","operaria","maquinaria","fabrica de textu"
"1063","hace costuras, empanadas","costuras y empanadas","independiente"
"1064",NA,NA,NA
"1065","manipuladora alimentos","cocina","hospital de cabildo"
"1066","profesora","hacer claces","escuela"
"1067",NA,NA,NA
"1068","campo","agricola","parcela"
"1069","tec.paramedico","atender pacientes","salud"
"1070",NA,NA,NA
"1071","seleccionadora",NA,NA
"1072","soldadura",NA,NA
"1073","mantenvion gas","suprrvisor","suprrvisor"
"1074","entrenador muros","enyesar paredes","construccion"
"1075","venta de ropa una vutic","ayudar y orientar a la gente","venta de ropa butic"
"1076","soldador","soldador industrial","minera"
"1077","asesora del hogar","asesora de hogar",NA
"1078","asesora de hogar","cocinar limpisr","hogar casa particular"
"1079","sou mueblista diseÒo","diseÒo mieble","diseÒo muenle"
"1080","supervisora terreno empresa seguridad imdustrial","supervisar","seguridad industrial"
"1081","operaria","operaria","bodegas"
"1082","ejecutiva cuenta","llevar la cartera clientes","financiera"
"1083","asesora del hogar","hacer aseo en casas particulares",NA
"1084","chofer","chofer","transporte de pasajeros"
"1085","trabajo en un supermercado","reponer arreglara dodega y productos","venta de alimentos para la familia"
"1086","riego automatico","encargado del riego automatico","agri≠cola fruti≠cola"
"1087","mecanico motores diesel","mecanico","dueno maestranza"
"1088","vendedira","vendedora","local comercial"
"1089","asesora del hogar","limpiar cocinar","casa particular"
"1090","soldador","soldaduta hierro","hierro"
"1091",NA,NA,NA
"1092",NA,NA,NA
"1093","profesora","profesora","escuela"
"1094","temporera","cortar o cosechar uva","agricultura"
"1095","agricultura","parcela","parcela"
"1096","panificador","hacer pan","panaderia"
"1097","ingeniero marketing","ingeniero marketing","ingeniero marketing"
"1098","aseo","asesora","monasterio"
"1099","chofer","chofer","termoelectrica"
"1100","educadora de parvulos","educar","colegio educacion"
"1101","chofer","chofer","colectivo"
"1102","encargada centro mediacion","encargada de centro mediacion","municipio"
"1103","terapias alternativas","imanes y masajes","terapeuta"
"1104","construccion","yeso","constructora"
"1105",NA,"estucar, obrero calificado",NA
"1106","vendedora tienda","television venta","tienda"
"1107","asistente administrativo","trabajo administrativo","inmobiliaria"
"1108",NA,NA,NA
"1109",NA,NA,NA
"1110",NA,NA,NA
"1111",NA,NA,NA
"1112",NA,NA,NA
"1113",NA,NA,NA
"1114",NA,NA,NA
"1115","aseo","aseo","jardi≠n infantil fantil"
"1116","operaria","envases","conservera"
"1117","asesoea","aseo",NA
"1118",NA,NA,NA
"1119","operario","operario de produccion","bodega de alimentos"
"1120","comercio","ventas","ambulate"
"1121","obrero","obrero","construccion vivenda"
"1122",NA,NA,NA
"1123",NA,NA,NA
"1124","aseo de la vestimenta","lavar uniformes de los cocineros","alimentacion"
"1125","maestra de cocina","preparar alimentos para un restorant","gastronomi≠a"
"1126","obrero","colocando caÒeri≠as","constructora"
"1127","construccion","carpinteri≠a y albaÒil","constructora"
"1128",NA,NA,NA
"1129","peluquera","peinar","peluqueria"
"1130",NA,NA,NA
"1131","planificacion","nuevos negocios","ing electrica"
"1132","encargada nacional de un programa social","encargada nacional de un programa social","servicio nacional de la mujer"
"1133",NA,NA,NA
"1134","tecnico paramedico","atender pacientes","hospital"
"1135","contador","contador","eduacion"
"1136","vendedora","vender publicidad","medios de comunicacion"
"1137","secretaria","secretaria","agencia de viajes"
"1138","ventas","atencion publico","comercio"
"1139","comerciante","vendedor verduras","comercio"
"1140",NA,NA,NA
"1141","vendedor","atender  y reponer","comercio"
"1142","ingeniero civil","director de proyectos",NA
"1143","bordadora","bordar","costuras"
"1144","instalacion de vidrio automotriz","maestro instalaciones administracion del negocio","automotriz"
"1145","ayudante repartidor de pan","bajar el pan a los negocios","panaderia"
"1146","secretaria pos venta","acojer los reclamos de los clientes gestionar agenda de repacion","automotora"
"1147","mecanico","mantenimiento de tunel","empresa"
"1148","empleado","mantencion","metalurgica"
"1149","asesora","aseo","asesora"
"1150","administrativo",NA,NA
"1151","arquitectura y construccion","dueÒa y supervisora del diseÒo, supervicion de obra y control","construccion"
"1152","corredor de propiedades","vender casa o departamento","venta de propiedades"
"1153","gerente de ventas","vender aumentar las ventas","fabrica de plasticos"
"1154","pintor","pintar casas","pinturas de hogar"
"1155","reponedora en un supermercado","reponer la mercaderi≠a que me indican","empresa de supermercado venta de alimentos"
"1156","empresario","agencia de marketing digital",NA
"1157","superv8sor en supermercado","supervision de personal","supervisaba personal"
"1158","atencion de pi∫blico tienda de riteil","atencion de pi∫blico,atender a las necesidades de los clientes","multitienda venta de ropa, vestuarios, electrodomesticos de todo"
"1159","taller agricultura","venta herramientas","taller"
"1160",NA,NA,NA
"1161","trabajan en.un.departamento de finanzas","revisa movimiento financiero","en la salid"
"1162",NA,NA,"importacion y distribucion de ceramicas y otros materiales similares"
"1163","tecnico paramedico","atencion de oacientes","hospital"
"1164","asesora del hogar","hacer aseo en una vivienda","hacer aseo"
"1165","aseo","aseo","exportacion de ostion"
"1166",NA,NA,NA
"1167","vendedor","vender ordenar","vender al caliente"
"1168",NA,NA,NA
"1169","hacer sobres","hacer y doblar",NA
"1170","docente","docente","docente"
"1171","a cargo de lavanderi≠a","entrega la ropa","lleva ropa"
"1172","manupuladora de alumrntos","cocinar","sala cuna y jardin infantil"
"1173","distribuidora de alimentos","vender","alimentacion"
"1174","sicologo",NA,NA
"1175","marino mercantil","ayudante de maquinaria","naviera"
"1176","asesora del hogar","lavar cocinar limpiar","casa particular"
"1177",NA,NA,NA
"1178",NA,NA,NA
"1179","en casa particular","aseo y cosinar","casa particular"
"1180","secretaria","organizar documentos","lavanderia"
"1181","trabajo agri≠cola cosecha de fruta","cosecha de fruta","empresa agri≠cola"
"1182","aseo","asesora","casa particular"
"1183","administrativo","ver archivos, ordenar cuentas","mari≠timo comercio"
"1184","sicopedagoga","sicopedagoga","independiente"
"1185","emfermera","cuidar y atender a pacientes","hospital"
"1186","cuidadoras de niÒos","cuidar alimentar y educar a niÒos",NA
"1187","ventas de productos  en la calle","vender",NA
"1188","costurera",NA,NA
"1189","manipuladora de alimentos","cocinar","alimenta en la escuela"
"1190",NA,NA,NA
"1191",NA,NA,NA
"1192",NA,NA,NA
"1193",NA,"carpintero",NA
"1194",NA,NA,NA
"1195","cajera","recibir pagos","restobar"
"1196",NA,NA,NA
"1197","maestro cocina","cocina","entrega servicio de alimentacion"
"1198",NA,NA,NA
"1199","jefa bodega","jefa bodega",NA
"1200",NA,NA,NA
"1201",NA,NA,NA
"1202",NA,NA,NA
"1203","huerto de arandano","en la cosecha de la fruta","agricultura"
"1204","trabajo com niÒos","subvencion en un colegio","educacion"
"1205",NA,NA,NA
"1206","administrativo","trabajoa de oficina",NA
"1207","informatica","servidores web",NA
"1208",NA,NA,NA
"1209",NA,NA,NA
"1210",NA,NA,NA
"1211","vende ropa usada","vende ropa",NA
"1212","estudia un posgrado de ingenieri≠a  en  universidad catolica trabajo en el pasado de profesor de geografia",NA,NA
"1213",NA,NA,NA
"1214","subgerente","entregar educacion","educacion"
"1215",NA,NA,NA
"1216","tecnico en parbulo","enseÒar a los alumnos","educar"
"1217","guardia de seguridad","locales de ventas de ropa","prestan seguridad"
"1218","administratuvo","srvicio al cliente",NA
"1219","aseo en empresas","aseo","aseo"
"1220",NA,NA,NA
"1221","l9gistica administrativo","administrar preocuparse de distribucion  y orden de elementos","logistica"
"1222",NA,NA,NA
"1223","almacen vents","atender y adminidtrar negovio","vender abarrote"
"1224","chofer","!anejar","vende gas abastiblw"
"1225","maestro albaÒil","maestro albaÒil","empresa constructora"
"1226","area comervio feria","venta de ptoductocomercio","venta"
"1227","aseo de casa","limpiar casa","limpiesa de casapsrticular"
"1228","centro estetica","nasaje",NA
"1229","vendedor","vendedor",NA
"1230","administrativo","administrativo",NA
"1231","enfermera","ayudante de pabellon","clinica"
"1232","casa particular","casa particular","casa particular"
"1233","secretario","administrativa","administrativa"
"1234","aasistente de abogado","llevar documentos a loa juzgados","abogado"
"1235","asesora del hogar",NA,NA
"1236","paramedico","arcenalera","mutual de la seguridad asich"
"1237",NA,NA,NA
"1238",NA,NA,NA
"1239",NA,NA,NA
"1240","secretaria funcionaria publica","llevar documentos","administra un departsmento hobierno"
"1241","vende en la feria","vender","comercio"
"1242","comerciante","vender abarrotes","comercio"
"1243",NA,NA,NA
"1244","construccion","contruir",NA
"1245","ejecutivo de ventas","ventas","vemtas"
"1246",NA,NA,NA
"1247","vende ropa usada en la feria","venta de ropa","venta en la feria"
"1248","secretaria ejecutiva",NA,NA
"1249",NA,NA,NA
"1250","administrativo","administrativo",NA
"1251","asesora delmhogar","aseo",NA
"1252","independiente","independiente","armado de bolsas"
"1253","servicio domestico","hacer comida y lavado","labores de casa e. domicilio particular"
"1254","operario de calzado","operario","calzado fabricar"
"1255",NA,NA,NA
"1256","operador de conectividad","intelador de tv clave",NA
"1257","manipuladora de alimentos","cocinar","colegio"
"1258",NA,NA,NA
"1259","contador auditor","contador",NA
"1260","cesante antes contruccion","contruccion",NA
"1261","tecnico profesional","tecnico profesional","empresa tecnologia"
"1262","guardia","guardia","empresa de guardia"
"1263","temporera agricola","sacar manzanas cosecha de uvas y arandanos","venta de exportacion de frutas"
"1264","director de colegio","administrar dirigir en un colegio que tenia 3400 alumnos","colegio"
"1265",NA,NA,NA
"1266","asistente de enfermos","trabajo en la parte de enfermetia y cuidar a los enfermos y adiultos","convento las hermanas de maria"
"1267","independiente","independiente","zapatero"
"1268",NA,NA,NA
"1269",NA,NA,NA
"1270",NA,NA,NA
"1271","bombero o extractor de agua en excavaciones","extractor de agua","constructora"
"1272","operaria","limpiar estampados","fabrica de etwuetas"
"1273","administrativa","administrativa","retail"
"1274","profesora","profesora","profesora"
"1275",NA,NA,NA
"1276","tecnico paramedico","atencion publico area salud","hospitaluzacion domicilisria"
"1277","cajera","caja",NA
"1278","jornal","ayudante obras","ckntruccion"
"1279","comerciante","venddr","mi negocio"
"1280","obrero construccion",NA,NA
"1281","vendedora de joyas","ventas","venta joyas"
"1282",NA,NA,NA
"1283","contralor",NA,NA
"1284","comerciante","vendedor articulos electronicks","ventas"
"1285","parvularia","cuidar  y eeucar los niÒos del jardi≠n infantil","jardi≠n infantil"
"1286","obrera en la cocacola","empaque","venta de bebidas"
"1287",NA,NA,NA
"1288","fotografo","aacr foto",NA
"1289","obrero de la construccion","construccion","obrero de la construccion"
"1290","operador de maquinaria","operador de maquinaria","operador de maquinaria"
"1291",NA,NA,NA
"1292",NA,NA,NA
"1293","auxiliar de apoyo","auxiliar de apoyo","cli≠nica"
"1294","asesora de hogar","asesora de hogar","casa particular"
"1295",NA,NA,NA
"1296",NA,NA,NA
"1297","juea","rwaolver  jusgado",NA
"1298","tiene negocio",NA,NA
"1299","batman","preparar tragos","restauran"
"1300","asesora del hogar","hacer aseo",NA
"1301","venta de mangueras hidraulicas","vendo","fabrica las mangeras hidraulicas"
"1302","ayudante de cocina","cocinar","eventos"
"1303","tecnico de laboratorio","vee el proceso de geneticas molecular","instituro de salus publica"
"1304",NA,NA,NA
"1305",NA,NA,NA
"1306",NA,NA,NA
"1307",NA,NA,NA
"1308","casa particular","todo los que hacerse de hogar",NA
"1309","riteil ventas","servicio al cliente","ventas"
"1310","albaÒil","estudiar,hacer radieles","empresa constructora"
"1311","preparaba a las asistentes dentales","enseÒaba y capasitaba al personal","iÅrea dental"
"1312",NA,NA,NA
"1313","tecnico de pos venta","visitas a los medicos","ventas de equipos medicos"
"1314","empleado administrativo","empleado administrativo","empleado administrativo"
"1315","asesora de hogar","asesora de hogar","asesora de hogar"
"1316","construccion","carpintero","construccion"
"1317","administrativo","administrativa","administrativo"
"1318","bodeguero","bodeguero","entregar productos"
"1319",NA,NA,NA
"1320","tecnico en artefactos a gas","reparaba los artefacto","fa vb tocaban los artefactos"
"1321","operador de maquinaria","manejar maquinaria","mineria"
"1322","jefa finanzas","administracion","ferreteri≠a industrial"
"1323","operador","enbalar productos","distribuir repuestos"
"1324","operario","enbazar","repuestis celulares"
"1325",NA,NA,NA
"1326",NA,NA,NA
"1327",NA,NA,NA
"1328",NA,NA,NA
"1329",NA,NA,NA
"1330","supervisora de calle center","supervisar","tranporte"
"1331",NA,NA,NA
"1332","podar.cosechar.supervisar","supervisar .cosechar","empresa agricola"
"1333","vendedora vender","vender","vendi≠a ropa"
"1334",NA,NA,NA
"1335",NA,NA,NA
"1336",NA,NA,NA
"1337",NA,NA,NA
"1338","adm7nustracion de dovumentp","adminidtrar ypresta servicio",NA
"1339","operador gtuda","operador grua","venta matetia consttucciom"
"1340","asesora de hogar",NA,NA
"1341","administrativa","recursos humanos","corporacion educacional"
"1342","vei≠a calidad de alimentos y reponer alimentos","verificar que no faltan productos","vender productos"
"1343","comercio  en la calle","comercio",NA
"1344","trazador en obra","trazador","construvion de efifivio"
"1345","guardia seguridad","guardia seguridad","edificio"
"1346","jefe obra","jefe obra","construcctora"
"1347","tengo almacen","vendo abarrotes",NA
"1348","administrativo","administrar y coordinar y supervisar","veo la parte administrativa en la parte contable"
"1349",NA,NA,NA
"1350","representante tecnico","mantencion de equipos medicos","venta de equipos medicos"
"1351",NA,NA,NA
"1352","tec enfermeri≠a","atender enfermos","salud"
"1353","operador de repuestos","delegar repuestos de mecanico","repuestos automotrices"
"1354",NA,NA,NA
"1355","vendedor de jugueteri≠a","vendedor de juguetes","comercio"
"1356",NA,NA,NA
"1357",NA,NA,NA
"1358","chofer de colectivo","transportar a pasajeros","transporte publico"
"1359",NA,NA,NA
"1360","empresario comercial","gerente general","comercio"
"1361","secretaria de gerencia","revisar y coordinar reuniones","telecomunicaciones"
"1362",NA,NA,NA
"1363","gte operaciones","dirigir maestranza","maestranza"
"1364","obrero fabrica","chofer de camion","fabrica de madera"
"1365","asesora del hogar","que haseres de una casa",NA
"1366","feriante","ventas","vender"
"1367","guardia","cuido supermercado","vende productos"
"1368","aseo","aseo","limpieza"
"1369","calle center","telefonico atencion a clientes",NA
"1370","obrero","maestro de construccion","contructora"
"1371",NA,NA,NA
"1372","vendedoras de menaje","vender menaje de casa y cajera","venta de arti≠culos de menaje de hogar"
"1373","operario produccion",NA,NA
"1374","temporera",NA,NA
"1375","reponedor","reponer en supermercados",NA
"1376",NA,NA,NA
"1377","obrero calificado","construccion","construccion"
"1378",NA,NA,NA
"1379",NA,NA,NA
"1380","paradocente","ayudar a los profesores en el colegio",NA
